name,Batch-A-01,Batch-A-02,Batch-A-03,Batch-A-04,Batch-A-05,Batch-A-06,Batch-A-07,Batch-A-08,Batch-A-09,Batch-A-10,Batch-A-11,Batch-A-12,Batch-A-13,Batch-A-14,Batch-A-15,mz,rt
label,0,0,0,0,0,0,0,1,1,1,1,1,1,1,1,,
A_1,189.1724728,219.0283599,148.6846267,186.7882556,199.8646405,198.2488647,219.3134422,140.6256698,165.3679594,81.51907628,187.4917706,159.9312353,129.7458192,226.482241,250.3639824,62.03028142,24.89799948
A_2,232.5706225,244.2160373,288.4897544,194.3725584,248.0129608,194.621756,184.8584174,355.5861125,252.7365246,311.8567677,194.3714618,439.4021171,339.0023851,243.2083422,249.8495907,62.96262237,571.0710263
A_3,726.1355295,529.139577,353.2284063,346.8037979,588.4615684,369.4669102,390.4712099,424.5365216,289.9991414,116.3802899,270.2887946,398.9571778,344.8093323,625.1795178,554.3272614,66.01795488,22.83150021
A_4,152.1850156,121.889676,110.62989,96.53899383,147.4120847,102.4878543,102.6092369,97.57607172,102.3497807,188.2231081,93.13127459,95.83698817,87.73139299,124.2719457,110.2298432,67.00115177,24.25799958
A_5,242.8468688,314.9536323,345.9899943,350.1123429,407.2083335,197.4271604,237.431189,165.0708423,309.7135624,110.9266033,130.962803,176.0379644,168.0363698,247.5902786,520.6840578,68.03949847,30.82899966
A_6,3429.430483,2220.787087,1666.540221,1544.229458,1943.974643,1499.829437,1563.202495,1296.366407,1026.544368,998.7459965,705.3113916,1214.732349,1229.42594,1226.791912,1178.003171,68.99482352,27.45900002
A_7,4128.594592,4542.003619,3307.049754,4818.08152,3384.823758,4902.048568,4602.200887,2531.020642,3628.934961,2749.361159,2467.934697,2497.753204,2204.556619,3166.545339,5194.087608,70.01469822,574.6739815
A_8,731.8298624,1396.105894,1671.504945,1674.286922,3221.528808,1447.874969,1633.642316,882.3584451,1808.936081,547.4424823,829.6812506,789.0892623,484.9069992,950.900782,2950.841655,72.07839944,33.87500026
A_9,104.6906201,786.9047371,561.1187972,1009.083958,755.6616381,254.5896194,500.3515009,270.3047838,558.4831913,58.89690766,117.6287673,122.4401197,187.1151923,426.1795012,746.0428235,76.03421566,148.0730008
A_10,1931.267259,1312.660347,1484.224974,1449.61225,2106.632917,1066.596204,1920.333187,4456.140173,5947.46397,3056.681376,3700.844824,2443.830721,1895.316432,5504.718141,4611.962393,76.07594841,30.13300039
A_11,25934.96843,8463.466924,13587.03142,5081.93221,23142.56079,12444.07366,17889.98939,5053.183196,4681.822345,7155.802254,2885.719017,15550.14435,7488.438954,8121.168942,10832.70169,77.03918825,168.0014999
A_12,138.3903631,112.7518024,120.2108045,97.70572991,150.8334263,98.96228352,118.277415,231.8804322,305.5891674,160.2753574,184.3545393,145.8026456,148.5760572,287.3186354,245.0612379,77.08551985,29.38450026
A_13,1822.797678,600.7245699,958.9468614,398.1518046,1965.626404,935.9081418,1021.407151,376.9320555,403.3982076,531.8658831,233.7444035,1282.361217,557.0872549,601.6832522,956.9007896,78.04133681,168.0069991
A_14,191.8434928,235.9957736,211.3339927,252.8035704,201.0785842,266.3754425,248.1414028,338.5636672,222.5502419,320.435086,246.173494,298.2034323,331.5649749,227.6251263,258.0264908,77.99798682,575.3830151
A_15,519.3546366,2896.605956,694.6051549,1805.957243,8601.988074,5557.483188,3089.436673,421.2859771,400.1107531,896.7386379,2534.964157,167.2012331,1150.532171,1488.154528,1233.891714,81.03526019,117.5460019
A_16,9634.720463,13525.67202,6301.718092,14765.34152,10325.58262,13896.01626,16367.51937,9200.861034,11048.24391,8735.497786,8613.093726,6396.863973,7250.750058,8816.479495,15135.69824,81.52056365,574.6165049
A_17,8563.51564,7627.969159,4569.558484,5696.439748,6820.791629,5202.944309,6962.207089,5524.290308,4204.630141,3190.314086,4306.787592,4984.109682,5008.805552,7153.057951,7742.776468,82.01514653,22.1460001
A_18,2639.029475,2355.94287,2614.307944,2345.402832,2900.066726,1778.994665,2430.580525,2353.167329,2204.587142,1329.454026,1875.284162,1544.587885,1625.88481,3001.716694,2717.247621,83.02665928,25.25600044
A_19,34965.33203,41692.73926,44792.66986,38170.76702,44313.39325,35465.99896,41531.33726,48216.51376,44893.05826,50435.9136,49730.66615,44198.68258,45375.09554,44172.62677,39996.7233,84.04481926,525.1265028
A_20,1336.640628,2795.645632,2643.232095,1634.979577,2236.322538,1878.889952,1834.638742,1373.496336,2176.142477,825.8422373,927.1159699,1505.509887,1102.254978,1550.201522,2777.728045,84.08134037,32.95999985
A_21,4998.467853,13222.06516,15250.95168,19442.80551,32229.10298,12999.89071,18809.89999,8991.397002,21020.13675,3653.299395,7675.125248,8425.390837,4258.314919,8290.960181,35343.38744,86.08623926,57.28400073
A_22,165.8648469,197.103948,156.4130192,183.1865757,201.9249911,197.3413144,212.1554168,357.2232787,228.3536863,356.9075014,283.5166606,220.9151092,358.3254046,208.2280674,198.8005284,90.24700962,574.6130141
A_23,5490.035586,25145.87199,29141.46561,6280.089352,47225.07855,59683.46921,11334.71236,1413.265872,1833.565593,3483.537582,14790.04617,1249.919807,8103.887358,9198.318309,15069.54985,95.01387962,107.9674983
A_24,2831.093336,1451.567338,927.4472676,876.6602549,1696.962713,2195.287908,1592.238142,1304.234718,2307.636002,979.2680154,859.7976615,890.2872921,872.0044985,891.9523134,1562.540067,95.06173679,31.42000064
A_25,927.4841925,3750.387231,855.550136,3111.557722,5210.795726,6243.346734,1967.214636,608.6918074,1433.060594,1384.80351,1414.186818,675.3392938,1007.257247,1349.653622,2256.130267,96.04611566,36.73800071
A_26,905.3390055,2373.26458,1536.522866,4478.66674,2819.835466,1273.328486,1435.031933,731.7027721,1651.555472,275.1575339,603.7984699,798.3883379,678.982305,1676.337775,2444.654605,97.0985151,275.8720104
A_27,1020.439142,1308.27154,2440.144878,2433.204171,4403.374653,1348.596556,978.2719735,675.2172186,2094.224805,420.9690442,550.2108371,2233.498867,593.3185008,541.1059568,2942.711748,103.0520029,102.5844988
A_28,22012.54187,23640.57157,34096.00178,20052.33688,31846.07643,18936.138,20757.28576,46363.64618,31825.97923,46057.29188,31586.62829,37808.35154,53220.67751,31321.30739,22926.76336,103.9578083,568.0300136
A_29,226.881548,139.0785536,399.8784951,131.0104285,313.4221832,134.2468497,138.191601,578.3456776,361.8353409,518.6363508,425.5541364,444.9483308,470.8710998,290.3196049,128.2883022,104.7537212,570.0470036
A_30,190767.8045,74272.30077,126596.5212,51272.64089,261438.8555,129742.4105,208780.583,45901.43907,41696.25481,64756.92504,39791.8544,131468.0965,72767.84078,87970.85054,102401.3458,105.0342591,167.9180005
A_31,10273.17935,10877.63686,15377.55891,9265.374657,13910.54243,8791.561932,9778.881942,21735.22759,14590.97479,22415.91648,14447.64911,18060.93779,23885.883,13254.02127,10326.35955,105.9558561,568.0220016
A_32,15581.37706,7397.608261,10217.66467,4471.37307,22687.74233,11191.31541,17266.12727,6015.136586,4440.27568,5485.087058,3461.910829,11503.07247,6286.148051,7619.343313,9227.2886,106.0377618,168.040993
A_33,992.8691092,1248.244854,1915.810981,826.2580426,1977.434758,898.7533731,1018.416945,3028.417406,1926.045145,3184.608523,2845.932411,1832.830393,3442.008577,1764.973381,1126.297151,107.967821,562.4839798
A_34,312.6052459,1472.403211,372.1976253,764.8539146,1519.049883,2073.581727,510.9770283,274.0162494,180.1307374,510.2742956,1066.205068,184.3805128,827.1451164,884.5537415,347.3827224,108.0765616,33.11000077
A_35,18618.57195,22780.30579,14482.69137,12520.69065,32655.08481,21243.80245,15976.93705,13467.7876,11178.46052,8194.585434,20106.31006,9951.367768,13091.47458,25055.95895,19463.46115,110.0170275,23.18099939
A_36,9054.922888,8482.769272,5066.979499,6693.627209,6271.495863,5663.049225,6750.428703,2907.335185,3361.000447,466.6140306,3762.377363,544.9530618,499.7158215,3985.485148,5206.353281,111.0117468,27.01099932
A_37,3708.971612,5979.803849,3509.22016,4697.698886,11230.51851,5309.863453,7054.143339,3490.406382,4043.949415,2536.127846,4187.449274,1186.733971,2854.822344,5977.557524,5422.442277,112.0242707,27.49300023
A_38,693.1381614,2215.684253,4528.199441,1863.002196,3207.876623,4278.90458,2435.992693,1699.866807,1846.339344,669.991477,1053.169688,1245.004975,113.4197438,1693.8927,4625.015439,112.0538665,114.0550035
A_39,46317.88128,44112.03772,44094.15958,40027.89042,43333.94524,36995.18535,38972.10906,67783.30211,42130.79322,65594.9653,30793.41803,62399.00622,59356.94547,40592.38114,45849.32068,113.9652945,577.5349995
A_40,74765.17569,306378.4647,203420.5709,170408.8173,262169.3273,157268.2692,195232.3691,109179.8798,136549.5144,93226.88286,102018.1781,109921.0947,66315.84249,94485.64318,258672.903,114.0664416,30.44299984
A_41,3632.561369,3765.873243,3618.417822,3484.069336,3573.171944,3238.041556,3301.005458,3645.549854,3948.02056,4930.863893,2861.477066,5068.829449,4946.929478,3354.842215,3828.445628,114.9681064,578.828996
A_42,6246.472521,23393.29105,13381.67417,12958.96078,20394.93238,10091.71008,14325.72848,8313.680789,10436.51938,6537.040894,7405.598906,8114.323388,4697.680757,6821.20268,18467.61236,115.0639814,30.12500059
A_43,2966.794317,14679.53454,9104.223296,8699.311349,42244.36525,43643.8946,9767.445475,3297.286398,3967.092413,3513.065333,13675.72393,2768.12744,5935.049718,6663.559187,6489.745224,116.0950144,37.0939992
A_44,725.4831784,880.2779368,2455.975421,3111.773036,1450.166377,1340.529805,1729.435781,1155.43262,5129.906172,248.6117103,280.3485326,2669.742576,505.9717033,607.2118835,1623.226478,118.0869153,99.47499777
A_45,14755.92161,21403.1438,36837.30248,44597.44126,101800.7941,27322.26075,31029.7745,21281.99074,32277.14145,5984.877867,17875.58721,28532.63659,12326.0161,20194.98675,63379.62708,120.0781011,103.959998
A_46,36940.63206,11883.26086,69044.81154,25003.66764,57676.322,38711.11342,69514.53688,47517.94869,4000.196607,5733.193324,61225.43156,60921.00354,22195.71633,100924.0549,65542.78477,121.0297646,125.9855013
A_47,3544.084484,2263.141171,6486.541784,3821.301121,5380.191681,3952.846607,7430.681609,5126.949459,999.7444549,539.7595204,4678.88487,5382.774216,2062.605157,9124.260395,6569.879233,122.0321617,131.4409973
A_48,1491.384867,10480.30728,2225.754228,5614.046724,13338.9334,13202.40336,3400.476661,605.3720105,1782.740718,2304.531909,9425.029403,807.501695,3635.75507,5315.158499,2126.264622,122.0871901,49.02350032
A_49,1938.974248,14358.12595,16113.67587,3777.318446,31923.35169,44029.40066,8631.161156,778.1244079,1133.149822,1403.891907,13484.56799,503.7209285,3318.408299,5832.485683,10331.80229,124.0399459,107.9450026
A_50,1768.192716,4453.986362,3901.032219,8739.886146,7339.797946,3254.775044,3653.51595,1440.978506,3852.101083,717.8916281,1337.091042,1920.88838,1048.337919,3163.936199,6244.862359,125.0961281,276.7230045
A_51,18445.40192,22721.28559,14325.86762,23286.84457,20902.44214,23138.47597,25441.2279,14635.08356,20344.73161,11807.28872,16427.50689,12401.59087,12745.2113,20239.05825,24659.23514,125.9876226,575.4189932
A_52,1321.265899,1666.245937,1276.481086,2860.131897,5777.476252,6155.763362,1235.648151,1265.621334,1729.896943,767.0066415,1473.337712,633.0934879,738.0305056,1834.41258,2569.751668,127.0706712,147.4830021
A_53,1101.685514,3165.809622,2492.505145,738.6554759,1931.671937,874.6191017,2786.888783,1425.663611,1400.83976,845.0219741,1507.761898,679.7191165,821.1470395,1742.201813,2528.06455,128.0587535,29.43750026
A_54,285.4639098,579.7218189,784.9705632,1554.212541,1939.571805,1049.041714,786.6459468,509.7151471,1667.402512,237.1904516,308.6880874,975.3672036,396.6886042,689.8756382,1767.922193,128.1033743,197.070001
A_55,2249.337055,5085.071123,4260.798916,4356.535928,11179.05125,6257.018331,6684.709756,2458.247193,3920.794229,432.1791416,3107.702501,1349.541298,1198.56318,4949.042281,4739.880756,129.0559258,130.3019958
A_56,1495.629624,2903.113763,5026.483081,8588.637941,4283.045058,3009.449136,4859.006948,3546.898077,3032.061193,924.9175126,1603.874277,1629.20799,1452.617389,3190.683607,3800.23697,129.0746452,30.85799941
A_57,13659.82344,10648.48531,12745.24516,10675.45308,11836.30509,10061.37649,10368.57598,9829.176839,12285.16394,10556.71672,8344.247905,11467.8215,9955.210137,11778.853,9822.215462,130.9676505,581.9885032
A_58,1124.084708,2172.180122,1519.563506,1276.85298,25414.11891,4600.695484,5012.288298,904.6137876,1243.494933,523.944796,536.6812693,1226.145695,3025.476772,1296.956614,933.9502164,131.047655,253.8434948
A_59,944.5989158,893.2288776,944.9961318,1042.557765,1012.680087,974.5288568,1006.989326,670.2166887,1032.267282,697.6457135,782.5044928,664.7992059,611.9241792,1026.58543,949.83822,132.9634009,579.4325008
A_60,12378.8055,4934.800927,27666.70923,16679.45579,35663.38063,15311.94716,17486.07362,7177.298472,6975.177711,3772.007857,4755.629372,11550.00975,14806.90024,2769.647398,14910.45658,136.0552339,30.75499949
A_61,1309.312406,3439.902714,3163.179323,4314.573967,5991.539661,3878.417355,4299.259311,2245.367182,3633.050705,914.711153,1069.645404,2549.827501,1046.880968,1433.35831,4849.511034,137.0481734,114.2904973
A_62,11454.0596,62666.30026,6471.182252,20294.30175,22591.75187,47253.75426,9116.360373,3884.620451,8435.45206,21609.5174,14382.31894,1653.603867,16394.76419,13483.93978,12657.57123,138.055957,30.84099936
A_63,9483.551247,17677.89037,5945.07653,10408.92157,7514.796491,10819.89906,9710.199004,2234.556305,4443.407492,4299.858651,3587.425589,3442.116924,3981.680971,3560.175468,6599.634656,139.0259357,38.36599952
A_64,691.6564002,567.7030222,3146.352822,2272.16581,1462.291011,4322.998318,801.1666945,263.6400603,601.2665147,423.8817609,1303.46772,351.7690054,2552.079595,807.5174429,1308.735672,140.0691302,29.12300076
A_65,669.0215375,13315.75765,1127.900283,1669.6115,2627.681233,4486.341204,1828.545424,338.7369652,1384.576066,629.8410882,1488.355013,335.5316061,1143.240807,1173.553034,567.9585377,140.074557,75.77500092
A_66,605.0174758,3342.036107,1523.302558,974.9045152,2970.085048,4432.150843,1278.799739,847.9994155,749.0500927,423.9172235,1435.989654,722.4805434,668.1906458,744.345916,2522.432099,143.0967387,135.5320006
A_67,17950.50444,19806.52337,28266.79333,18790.39058,28256.60193,17999.27361,20135.91484,42328.59264,30245.04715,40965.10999,37423.76777,28476.15445,49568.32775,29029.57029,20642.45718,144.9842429,568.4299799
A_68,3631.762474,13650.86381,9753.533116,6594.743271,18879.86289,4891.327499,4541.719319,3178.959974,8682.527495,2800.058179,3017.487456,7326.541861,2306.174789,2380.543858,18059.70033,146.0604817,145.904994
A_69,8284.604401,8914.323661,12892.89685,8513.664765,13451.66573,7878.612407,8941.174762,20286.71185,13646.30585,19205.64717,17138.33486,14015.13207,22191.30874,13795.49477,8603.20815,146.9832608,568.1229732
A_70,1124.087041,1295.495026,1294.561938,1293.001792,1234.081325,1248.895455,1448.810625,1737.406693,1451.161987,1548.609665,1435.167599,1557.593849,1531.942993,1624.271337,1937.626399,147.9961995,570.0689949
A_71,2641.840236,3359.245603,6105.133964,4909.181946,6014.411846,4417.576527,1432.342498,2275.603244,3612.002093,609.4982737,1129.087477,9249.518433,909.3972052,3026.676965,9791.373991,149.1072783,284.8714942
A_72,1859.286645,3508.30681,7902.850899,4676.203595,12188.81566,4532.382096,3288.212336,2397.425501,3996.870086,792.7355372,3134.206389,4367.958275,990.7873584,4040.006978,5743.920871,151.0791347,292.4175057
A_73,1548.413513,2084.363664,1973.28941,1436.934272,2284.040686,1520.337842,1880.011462,3644.025015,2491.098359,3792.870508,2749.077592,2622.580984,3659.139135,2212.17377,2047.514769,154.9885391,577.563004
A_74,508.5278044,1333.260124,3769.363576,1332.920834,3050.763852,2227.287564,2171.457333,421.9466064,2006.266205,209.1312729,755.2378919,574.3639755,2439.443376,889.8143912,3186.446914,155.078075,68.82000004
A_75,1058.203624,1167.517907,1044.393004,794.8536064,1128.603209,858.5235049,889.4438747,1404.042629,1252.187639,1305.872392,938.7555042,989.9218676,1346.569746,1040.956854,1302.754509,155.9806165,578.7889974
A_76,1455.740108,2475.604922,4680.832495,3094.992033,9424.114288,2081.631072,2083.553665,732.0944844,3442.238685,1891.203246,2097.866643,1990.166312,2059.829309,1242.58689,3936.816397,156.0723331,31.90850003
A_77,292.7066584,773.7832723,1141.458649,1132.495211,2292.802964,2237.248491,433.3029895,556.144581,772.6956131,341.2040738,393.670934,856.7274252,211.334986,519.9504115,635.4680463,156.1300832,313.0149966
A_78,2868.81163,5132.226088,2638.364089,3044.569773,3799.35361,1979.83683,2029.665001,1417.941473,2751.092334,621.1068371,1379.734378,632.4259188,1164.835901,1271.501204,2461.871844,157.0681503,34.3289996
A_79,1456.169745,2228.42964,544.7335894,5237.168078,772.7313065,5973.320009,7206.780165,6591.364252,432.9933005,516.718945,1053.1451,522.2656128,440.2583062,398.763105,415.0710795,157.084,126.4340015
A_80,580.7068967,766.1268718,1583.0929,1555.208699,4416.742836,1037.249155,764.8712374,359.2598899,1510.192814,607.2431837,597.6663531,1643.995606,397.9995236,221.4213591,3506.818207,159.0938847,143.720995
A_81,11192.77922,7386.293003,11894.03194,6729.991484,22009.86508,10585.29507,15049.28478,8020.359495,5145.260092,741.3490863,9193.226421,2485.942706,6900.862012,10272.61942,12789.77493,160.1149893,35.54800013
A_82,558.7712084,2339.663848,3277.809689,2329.910743,14082.12063,6582.924773,2648.834044,1829.559297,921.905473,532.4952044,1053.478517,2132.010979,1595.888693,1206.739074,2214.434354,163.0463199,151.1400039
A_83,1258.654724,1219.620444,1161.378784,679.1440275,1019.653379,679.8633537,684.828803,2202.880574,1143.407829,2151.94537,321.4705354,2263.911371,2163.312318,767.0127177,1434.519126,164.0004876,573.2070018
A_84,6381.104945,2510.730719,4837.073492,8932.425592,21782.34406,4198.093377,4579.422685,4875.931989,5161.075476,1765.610805,2832.960844,4780.39226,5051.943985,3854.503473,6384.51195,165.0548,49.06799878
A_85,24356.87061,116366.8867,69633.84869,100777.0526,168018.1681,162013.9793,52041.31407,121600.7172,50236.14717,11314.56204,104342.5474,25848.64179,16003.44463,53605.98425,33936.58144,167.0575222,91.05399702
A_86,9991.947202,25650.86208,20645.32888,23500.29783,29007.93664,30817.08259,14560.05832,23111.39304,15652.01341,2902.492077,19957.39395,6135.381182,7772.916871,15175.91464,22706.80115,168.062887,66.60799998
A_87,13613.19857,21137.76054,15568.66927,23145.3619,13026.91019,17934.26634,23553.07983,11052.64681,15855.41079,8711.338797,10216.7188,12239.14417,11453.71512,9011.323944,17844.70178,169.0381448,37.39450043
A_88,1353.508677,4300.960072,2403.854126,5319.195144,8728.178116,10390.94278,3287.304281,1991.858114,1870.374653,463.7624843,2048.649181,1345.966593,1069.136537,3507.211681,2117.488835,169.0861729,106.324
A_89,9864.399668,11023.85827,44440.9405,954.0521541,13371.49608,14760.43465,3442.224817,3079.152139,397.6107948,1712.465353,2055.960734,3278.98637,2559.505137,6000.449369,45767.05423,170.0611127,253.085995
A_90,891.1249721,8985.031009,9790.695477,2371.662247,21371.23036,31081.64886,6817.247077,1106.078606,853.9122133,750.3790192,13836.74562,554.3923358,1884.733183,4296.035824,5661.712403,170.0437769,109.0820017
A_91,620.081707,1768.905219,6838.399261,879.7216537,2603.774952,2286.651081,1876.837843,1201.619544,965.642518,491.7405197,750.2937508,358.2381242,1363.180655,1023.740065,1769.480673,172.0973283,87.72699911
A_92,12298.29562,23311.94016,105678.501,8145.958225,78148.94861,39484.92713,11692.90044,13803.7778,13863.63515,670.1717378,10595.75842,11145.33819,6692.334235,10477.01338,25269.48475,174.1244981,68.79499838
A_93,3362.456721,3226.17995,2521.05354,3834.226225,16169.97479,2725.298149,4431.705787,1962.686257,15904.01271,280.1570324,800.5182257,3220.078686,431.9994603,8929.474928,4665.04858,175.1210797,135.1930028
A_94,22563.39994,11850.27323,30175.72533,9942.179021,55053.68953,27069.66588,42331.66351,7353.953285,7217.68261,10172.85921,13363.80119,14572.22302,11389.36444,16309.27658,15940.73294,180.0658871,168.5460026
A_95,28743.42711,38343.56468,26360.08363,190390.3575,102311.189,158009.4709,81594.15187,36589.50839,24156.77549,18222.71536,73807.73753,17246.95692,33597.08662,33033.96558,46415.09086,181.0694084,142.1870016
A_96,4977.193536,9603.03113,17852.49249,9803.559039,28883.5561,13350.7908,12013.86388,8116.385099,13546.90681,3484.628219,13309.25817,8532.596131,4372.972892,6428.008484,22123.7214,182.0770325,51.235
A_97,4247.091266,2341.87813,2176.24493,1500.337413,2855.587249,1276.261165,1282.169143,2645.049049,1592.891649,719.6400604,1625.87193,1935.214508,2006.46384,3708.628907,2452.719065,182.9518791,23.37600044
A_98,4082.391713,41360.1662,10410.7265,24337.78883,30653.37769,38140.73291,27711.02553,19067.7173,10907.59729,2690.628555,26454.73214,4453.330772,5675.228268,16652.99661,10604.39246,183.0528739,78.39699831
A_99,12674.91481,20561.47972,54107.73915,53408.94028,146528.9011,35636.9639,26832.75106,9794.868213,34617.22075,8685.249919,23238.63343,43757.49307,11424.56883,7387.431226,119735.6731,188.0711417,143.7160039
A_100,1959.406823,2730.95043,6941.690247,8064.399485,20206.14589,4979.264901,3723.881218,1427.737821,4748.347144,1298.358017,3707.214471,6377.921385,2765.484239,916.2828835,17470.59636,189.0740605,143.6810001
A_101,906.7517598,2520.848569,2543.074598,2239.573452,2006.428827,3994.954183,747.5046771,4256.096336,1345.398983,382.5980382,4592.938955,454.6073822,642.1721457,1664.632502,365.7687216,189.0379486,92.3285003
A_102,3704.532418,22111.02861,28203.07178,7835.969751,35921.22166,62886.87091,8792.879561,1163.096651,3349.756287,2784.9866,28512.46659,2928.080316,7428.863769,10946.70549,6737.485262,192.0318166,106.4880031
A_103,582.0459449,531.74634,406.7326196,480.7515956,491.8559267,561.4559983,491.801492,244.5318375,530.8291718,196.2774252,183.6582317,235.5660892,193.0563029,327.8176904,468.0035689,192.931151,580.0259988
A_104,469.73981,2816.022017,2642.936668,1592.475478,3318.233901,6390.538902,968.737946,2831.32176,315.8160125,332.8698827,2337.192944,225.6474871,697.03105,1010.32797,528.9509016,193.0344897,109.0439999
A_105,2784.643413,10424.13039,1904.442358,1733.540648,1863.24749,3132.405654,4959.47279,2649.721627,6483.791571,609.8585502,3725.04012,992.1023201,851.8227876,2395.088099,5206.806572,193.0842208,280.3860072
A_106,847.5523647,713.6960526,642.7160867,941.9487638,618.4798111,626.0405817,665.0414921,352.6557493,732.4635637,344.7065507,272.7362371,612.2060122,342.5188062,522.3312741,842.36312,197.9163474,577.8105256
A_107,2095.94094,6641.965871,3002.667443,7606.775123,12943.2162,13677.57525,5933.18883,4030.898109,10958.95478,2018.667103,4452.960644,928.3903373,1470.454837,3506.068281,5477.900644,199.1055152,102.3845025
A_108,1746.341353,408.6116869,1062.26222,886.2766237,1606.033129,601.7332083,1092.326168,481.4722906,586.1722181,461.5285638,343.4520878,1484.796554,561.5607457,658.9207624,1149.44531,199.9621793,23.62850031
A_109,846.2716167,605.4661514,7787.667555,2603.336081,4783.155773,3651.797314,10740.10459,2787.66632,1767.333417,655.6627593,1447.712065,866.0362989,2989.216406,4276.855434,2871.848789,200.079051,115.8339999
A_110,785.1894248,3142.780106,343.501151,2546.730173,1373.998664,3957.861806,2763.038403,923.6214157,281.2274838,607.6731964,1498.659484,328.346791,836.7566794,532.9333298,758.1597579,200.1030954,196.156003
A_111,1443.415866,351.802614,1143.800313,433.4888902,2658.401876,335.359963,1174.979924,1068.910955,658.4801366,246.2163559,649.572765,1019.64429,1043.970524,1813.444593,1066.074752,200.9492016,23.24350055
A_112,84374.30826,35936.47703,66139.96454,22111.37202,105162.7432,48787.49264,72999.59361,27173.40243,25577.11566,41503.37839,31352.53177,60415.18603,42848.58431,58168.56727,42015.88114,202.0478558,167.9620044
A_113,2977.8915,975.1438676,22862.14363,590.6299063,4001.413744,469.2650442,2715.715105,1044.569638,960.6788753,103.9665423,172.95127,667.7542435,3412.99712,781.0353062,1730.403587,202.1085513,121.7370034
A_114,10480.38032,4278.355897,7790.980932,3137.729195,12832.24793,5857.775915,9663.026101,3504.193743,3905.037317,4846.309503,3771.863872,6899.55654,9271.33125,7510.499336,5161.49586,203.0504326,166.525001
A_115,1751.062545,3025.401688,2789.537274,5127.588417,7343.646845,4453.350763,5506.512802,1468.054466,4245.420777,776.9508335,2691.931559,1682.59135,566.0864406,1840.702852,7485.797176,203.1107915,281.5220118
A_116,1712.711168,5593.226745,2238.498008,4767.843368,16575.48811,13268.00399,3888.724938,1015.112241,4525.167795,883.2899961,4639.658397,1609.420242,2064.497169,3556.636402,7948.0578,206.0463113,144.015002
A_117,3787.491613,6746.696944,3511.921989,3760.816256,4329.35014,6358.590407,3964.548626,3286.045635,2136.316391,2314.024193,2498.187384,3067.067539,2538.255469,1640.384432,4219.214125,208.1117538,134.2469997
A_118,862.5558914,826.6174189,3423.206056,1532.308747,3534.855036,3466.569307,2386.01621,1643.910605,5765.402972,2576.547986,1031.422432,834.0848467,2889.580109,1954.629926,966.8779202,208.0912517,209.7900019
A_119,1193.57877,1071.703725,1103.513874,1189.072043,990.4844434,1092.217747,1153.213663,875.7423558,1064.498986,972.8800901,862.4124851,1031.429798,956.7953504,967.0747879,1020.952357,208.9430654,582.7270141
A_120,613.9068531,576.1345385,551.7030959,674.9496545,579.0458799,621.8094696,671.434891,424.1449433,587.4432499,437.7952422,510.9385761,451.9888504,436.1452274,567.4437396,636.9705707,210.9311575,583.3005254
A_121,6596.156421,35756.07031,30796.49424,26189.61925,27729.80074,29362.56395,20749.8989,11359.77757,12519.15547,2565.446911,25071.34736,11844.57979,4936.22433,14666.70923,28468.59101,211.0616706,149.5579998
A_122,460.3175104,656.9777988,385.1377662,1156.722311,606.6031345,262.502718,413.5056437,104.785794,410.1528348,1413.548226,260.0277652,306.9722382,276.6272641,544.3390564,675.7097123,213.0373536,219.3085053
A_123,2400.111425,5412.173874,6485.637464,1383.57064,1290.723062,5090.682611,519.9306379,380.9276444,972.6668066,1642.984023,3050.842525,490.3447485,2378.647664,863.3109126,623.9688409,214.0156774,107.5099994
A_124,541.1232987,2131.944267,1985.291931,1009.392432,2085.919517,1586.891727,3924.788886,1069.937923,623.3110772,324.5283706,790.828894,551.5923941,669.6903208,1921.77148,1494.211138,214.0845862,154.1580027
A_125,2935.248893,3501.39738,2138.160972,3155.418065,1863.59022,3058.436038,2668.367208,1904.967459,2011.050619,2033.590655,1086.078448,2510.822125,1417.936283,1953.957331,3337.01365,214.9175891,573.2195
A_126,90479.59856,45610.11794,55446.68666,85283.92851,65021.47341,64283.958,75033.04755,4965.970505,20833.17484,18198.82305,14432.05254,18130.45156,28920.77122,9823.297517,21332.91475,215.0160968,40.51499911
A_127,7697.314611,4969.630217,6423.142764,7374.144103,6746.864974,6386.798086,6726.889968,904.2268522,2818.350629,2415.790883,1833.072743,2957.442012,3077.908734,1173.138027,2052.464783,216.0225805,41.59100165
A_128,3080.44741,1513.562003,1485.323833,702.021159,3548.396788,1029.350832,3685.553898,233.9390581,1913.153967,434.3061197,994.3552515,2661.679048,240.4327569,1644.275767,438.5142959,216.0669896,205.1320012
A_129,4211.964332,15926.67267,25046.1503,7486.594501,11022.86671,7657.317405,6921.735066,5778.039376,10777.20774,4982.553939,2350.206389,4116.613011,10680.21999,5572.742121,12496.11431,217.1274091,34.03100038
A_130,12057.81074,5043.746542,75996.22683,2639.421438,23036.87128,3947.958307,17919.02868,5769.43508,5361.105841,491.7022039,1651.801189,2677.423761,16293.35167,5238.225165,9537.613932,220.1164088,121.9124975
A_131,2361.945539,6060.437221,1183.498613,1349.038509,4797.558483,6450.467001,375.6739086,373.4400202,2179.457398,792.5664334,5057.407473,773.7265318,541.9829306,370.1475564,4587.040849,220.1219205,50.07699938
A_132,1206.16857,1981.253988,2182.052291,4936.549966,3834.922879,1103.263734,1869.690588,788.8266076,3946.878475,502.0406904,1359.238144,342.7861448,597.6293146,1622.248025,2385.286294,221.1556001,301.1500011
A_133,835.6815452,5815.243916,9873.021937,2233.167259,12402.47674,2291.342041,8490.520755,1512.217182,3041.178328,440.1735922,3517.112788,895.16104,1802.831833,961.0038644,5473.204966,222.0787023,80.92200181
A_134,303.7077531,1713.53877,840.3531727,1975.573513,1673.617917,1035.001011,692.0876024,525.3226887,2492.508967,342.0435654,477.856794,825.9136241,772.5834283,487.7388834,1288.364969,222.1117902,293.5774931
A_135,1368.402095,6262.334553,2779.589963,10669.56081,10908.00659,2798.454248,2350.908355,2034.024991,2468.337942,267.1075647,2249.186547,1004.015119,1458.566573,6531.948985,5926.572815,223.1530653,307.805
A_136,3052.289539,3457.902204,1624.518089,1556.065022,2823.832376,2298.605076,1783.219316,2623.565706,1247.998047,425.7545632,3098.332925,1306.017007,2255.870235,3724.535643,2585.350785,223.9890521,22.56299984
A_137,668.0816635,1532.447481,1895.580034,3546.757519,3960.624171,2653.172337,867.7769754,983.2296054,2228.734852,281.6318311,675.5671782,1524.214386,818.3083884,1207.831508,552.0976326,224.1314264,313.7845069
A_138,1411.187295,1427.533477,850.9831388,979.6126416,1144.693484,1479.692378,1213.276472,1180.718989,703.9483546,359.5587979,1349.735051,481.1288276,1105.962826,1430.823154,1180.368862,224.9745596,23.83199972
A_139,369.433424,1980.91953,498.1572792,1687.12055,617.5356536,396.1628116,489.5836529,331.3551196,817.269716,74.72919347,593.6758375,128.7316655,456.1667652,588.8195626,844.6281654,225.1842588,328.2579984
A_140,5748.005728,14046.2318,7262.125415,15760.25169,19033.121,9930.388455,10548.71505,15870.80628,10645.57218,1332.680186,5073.125454,3773.326534,4128.5773,8575.917617,11847.19735,225.1103128,210.1474983
A_141,583.4896361,608.5492694,523.5469057,780.2351922,430.7776354,614.8043353,600.9740679,252.6280995,552.9037295,361.2952958,299.1918299,331.9130585,229.5847599,418.6508096,755.8955473,225.9088653,575.3830084
A_142,1088.063816,2433.98726,2239.598425,2824.934885,4124.741252,2140.146055,2589.271104,4298.730897,3418.087294,380.7722673,1302.538068,1043.21288,895.7221713,1550.255551,5817.588911,226.1076402,214.9125001
A_143,1489.840398,4412.424617,3785.723876,5284.23698,5411.728312,3802.477401,3470.345714,2312.223724,2060.850685,629.3694547,2411.022376,1083.731604,1181.176703,2818.166827,6031.70552,227.1033657,118.8089983
A_144,639.6343599,2140.109227,1132.057142,1055.467463,796.4001611,1021.12071,1591.424509,912.8362781,1190.3544,643.1405449,1525.75689,652.0922656,689.6888509,847.5552457,1541.301066,228.0851463,37.57000046
A_145,2218.987285,2130.746023,2197.049732,1849.454725,2174.427239,1720.721552,1625.54183,3935.372174,2220.576098,3991.534899,1806.761694,3975.637544,3302.742438,1941.535101,2296.592138,230.8896862,573.9700008
A_146,855.112635,983.7884578,1032.974682,841.9294976,970.0377374,802.553717,847.6686191,993.9979032,972.4771982,1045.537273,864.9028189,1070.698611,802.5156588,938.5144123,1012.100546,233.1898835,433.2339985
A_147,13349.41443,3890.061723,7498.067536,8080.036707,5358.447504,6880.590662,6974.011848,1258.295575,3340.741088,2940.083949,2646.025476,2607.04145,8387.54344,1959.217666,1566.622219,236.9998484,41.32250019
A_148,985.7482386,2121.13148,3874.549099,5621.526068,9308.571944,3848.513644,12895.65371,3417.527051,5196.250972,342.9927374,6173.889168,5148.770069,744.6513401,3241.479476,11366.28973,237.0758732,213.5329995
A_149,1389.873672,1888.571019,1567.683899,3321.025913,11438.45011,2474.106229,3846.36922,1419.562697,5455.839945,185.5001901,1318.348497,13376.36221,293.1056973,6691.470949,3226.289044,237.1220642,135.4590018
A_150,419.326716,1881.957321,1783.445652,988.1962198,4640.747374,3480.686285,3359.031565,436.3274987,1283.600337,154.0194755,783.9053449,1876.339977,185.2645744,2448.510481,1600.787146,238.1047945,136.1329993
A_151,602.6151718,1651.17743,1326.567848,3243.23477,3072.385814,759.5767221,1393.555464,934.6860504,2348.28124,201.6726256,734.2562083,1857.932595,607.3955071,1312.701801,2296.594605,239.1658904,300.6270084
A_152,11435.5406,24967.25382,39662.91871,19759.97704,37808.25716,20110.72743,29113.60499,17064.40652,30046.23756,12785.52832,17272.73317,16407.55737,9436.806163,15542.99338,38143.66022,241.1557579,54.99850094
A_153,1368.038645,1203.811715,1453.316156,1322.328371,1317.609648,1175.061995,1231.231965,806.3314643,1386.169646,823.890439,993.026714,1468.176987,543.4963431,1255.460865,1230.558497,241.8884577,576.0724937
A_154,19487.38686,7493.804231,118605.817,3866.09202,28728.32473,3327.837173,19547.19081,6227.009464,6029.163783,640.6212628,1903.039978,3173.518582,27554.54682,5541.011634,6325.637583,242.0997727,121.9545007
A_155,1160.312522,2844.119927,950.500601,787.48282,1002.406324,1251.784936,896.3183844,1122.142497,915.5936137,706.7560907,893.8568469,684.822923,1170.182241,1626.832887,1352.676849,242.9788786,23.91950035
A_156,1002.729626,1098.272004,1813.337135,1075.225187,1528.412284,990.2805686,990.6123133,1951.892722,1675.40087,2560.940835,2377.754514,1542.527283,2621.867236,1587.928419,1134.655782,243.9309344,568.623994
A_157,725.9453619,901.3732257,894.3539968,559.088579,822.7249155,677.394763,1005.193706,828.0368125,519.1722733,392.3274759,619.5401946,597.1685232,598.3533745,739.4149401,1260.975443,244.0549989,28.05149949
A_158,15549.61371,4483.765026,19241.60897,50879.95262,47050.57567,10198.77897,16238.23217,6835.778458,28520.64313,627.595574,14361.60826,2920.193206,1840.290463,14994.6672,54489.51566,246.169184,173.6834966
A_159,343.9136384,1228.143723,705.3317252,557.7588428,1024.013735,558.8090994,1253.177925,1025.507994,1049.368175,875.5593795,815.1901489,798.0683101,447.9658836,3082.001672,3362.571565,246.0882639,31.28550084
A_160,2868.509107,4321.059761,9302.054541,13697.20664,7908.54557,6331.932706,9571.693838,6418.255193,7619.523045,1211.578455,1962.010365,4436.149054,2059.068496,3538.029907,8374.083194,247.1277838,98.89199792
A_161,2214.210828,4773.936378,3747.713241,5696.293358,3640.485857,3126.902371,2625.328709,1962.028894,2689.469124,729.9395758,2177.297881,1383.74597,1209.491379,3151.753579,2816.29491,249.0847233,118.5650035
A_162,369.1672948,754.8792339,796.2948121,1653.624286,1481.962124,812.444176,1466.052842,666.5883865,1294.363189,203.6976803,693.2247407,319.9976676,141.6524751,572.7488789,1782.760382,249.1758469,322.7579869
A_163,2776.345538,4109.254845,5434.975641,5387.389939,10462.12304,3965.811626,2400.547261,3115.399366,5971.831097,528.1234299,2459.099864,1418.423774,4458.570659,2277.718461,2802.653593,249.0974809,285.7370013
A_164,771.3727724,1522.533907,1750.657999,1878.066402,2328.869598,1607.059749,1542.666905,492.5821077,1189.017677,281.1250165,457.1279276,849.4004849,380.8979988,582.8821625,1610.447858,250.0918972,108.499001
A_165,2724.752061,1566.214399,3047.095728,2182.511328,3182.722474,2640.807482,2133.690322,857.8327492,2001.415131,671.134681,1337.475827,776.3628671,2849.644056,1226.598562,1258.606506,252.9742705,39.31799961
A_166,1365.271558,2930.262576,4259.045879,4338.295971,7889.785376,2612.199268,5492.731907,1332.612066,2766.773011,373.5506179,2434.81415,1080.487178,990.8841586,3215.47287,2801.247379,255.1140889,137.3199994
A_167,767.3446685,4117.481813,7114.643659,5232.951685,10854.63793,2028.847419,2960.894808,763.8864001,1879.921288,489.4382846,3227.543858,5364.882932,543.0967437,743.4474554,6987.112428,255.2013432,342.6379986
A_168,938.6795172,3337.220235,5651.829405,1940.496018,10895.13508,4857.83443,5054.772112,1687.818667,5745.02526,543.8858074,3889.501643,1234.210508,726.5927721,1268.615778,6070.703957,257.1141355,79.98499952
A_169,600.102721,555.490473,2637.817053,1983.56902,5108.202474,993.0420511,2086.487914,1006.870201,2825.991423,92.6945368,2891.37464,355.4648465,182.7888177,545.0321609,1782.387353,258.1707737,194.442998
A_170,3157.681328,3505.057821,8031.042791,1718.107443,2009.257994,4316.884053,758.0420132,2736.470337,3406.18349,1326.88012,1189.360219,2087.236102,4132.240355,2825.983425,1127.258732,259.0662242,162.2780034
A_171,1150.78961,436.7844621,511.4734661,984.8407612,2346.914527,767.014134,3153.819839,219.5241602,869.2402527,157.2208456,411.6334965,342.9908157,102.2650137,276.4357621,1536.201879,259.1752226,348.4164996
A_172,336.0126061,416.8430371,426.9315756,357.4725228,431.839401,334.4532734,208.8016281,566.7984536,415.515054,578.3275587,351.3987438,632.3168905,559.028131,385.9444433,351.9137112,259.8960636,576.336996
A_173,489.3949183,800.4193271,3783.076503,6208.726281,19753.42377,7488.440972,9658.446681,4232.995608,2255.295607,472.5290019,6407.662781,606.8657989,761.6383915,2228.383054,4942.711642,260.1499706,79.14549837
A_174,461.6765388,442.4614587,479.3018969,420.2838594,480.0066652,390.420795,395.6243914,787.5169768,524.6798676,760.4430638,604.8783355,574.8716385,592.5094158,534.4166616,435.0797422,261.8895979,575.2539935
A_175,2684.605812,5738.16958,8113.801302,4831.98676,8483.123084,4640.747856,4530.793603,3603.84034,5607.129402,1418.193172,4474.22827,3762.598895,1767.928716,4321.174653,5484.615729,262.0948509,52.10000093
A_176,1283.607856,6457.345056,5297.963264,7291.619216,9618.644718,3977.622934,7250.863783,2929.561205,5723.011413,743.2165418,3538.121695,2407.407718,853.1629349,3784.150418,6043.70791,263.1235894,188.2464973
A_177,4503.527961,8304.173068,7211.707089,12231.99687,18417.46768,11701.1903,13025.99283,3442.862348,8922.43944,699.1563886,7366.407974,5841.756926,3497.181117,6885.405182,20101.08304,267.12153,288.840001
A_178,4037.319337,5916.405765,15800.95055,3734.630626,11574.76734,3433.958219,3718.353178,1899.025745,3990.034008,892.8634526,3065.461105,841.0134239,1308.126442,4198.400445,6759.691191,267.094513,251.1420139
A_179,1413.397422,5531.184191,4621.950594,3674.648931,9099.425048,4299.977901,4870.988208,885.3252428,2423.937475,1332.180786,2150.384259,2091.010866,1141.933634,2689.097424,3606.373514,269.1016363,34.80899966
A_180,766.8200777,935.857073,860.3921987,945.1207887,976.9086679,957.3766288,972.567633,1457.126612,941.7182477,1497.655551,1267.669622,1005.656628,1285.421865,891.7559305,1142.439857,271.9178426,573.7555087
A_181,4469.417581,1283.043984,6542.37926,10536.36829,8236.375242,4911.512573,14110.33265,8929.94346,8197.645556,545.1591928,3770.45376,1131.856051,818.9297585,2197.261015,14396.37021,272.1829461,232.2145004
A_182,843.755281,3752.682533,5664.397345,4634.279222,9235.440182,1979.894467,2076.224749,853.2357436,1739.722466,751.9035685,2918.266938,3990.421161,492.811048,1002.306616,5548.815972,273.2160422,342.9214887
A_183,1212.250643,1545.52697,2688.397244,6593.799038,2326.782838,3575.415876,4557.874374,395.95123,3460.538581,862.2815317,1589.200033,547.5710667,1462.096176,731.2755745,1939.323542,274.0723618,191.6310025
A_184,1450.79372,6348.672902,2685.903835,5099.565305,8949.648513,3933.479504,10784.64475,550.4268096,4082.350131,569.9985779,2090.645442,1750.225268,531.8754415,1072.477016,7152.453664,274.1863569,338.4515057
A_185,1669.132416,1317.790204,2749.089742,3977.710741,12019.2503,3146.369799,8822.357962,1658.597386,2699.9578,315.4370819,2682.813055,781.2055488,332.7267959,3004.005949,5229.535205,274.2005432,271.2359972
A_186,939.1506388,787.1774126,1001.666192,667.0450622,1028.06212,666.9189134,642.6928022,1245.533102,972.3104515,1317.181316,867.7265693,1085.932097,1255.107194,1014.236218,795.4309686,277.8804283,579.4439824
A_187,289.0854975,288.8089671,351.650018,246.2807206,333.9613094,209.909001,247.2121138,685.9064808,360.6383668,696.9327089,419.2947316,469.9822139,616.9033538,328.9833476,298.8221624,279.8714488,575.3860067
A_188,2489.431247,5633.542207,7205.094605,3915.455275,9625.072715,4847.492539,7706.798193,4751.31692,5954.837633,2231.602709,3410.088521,2575.289685,2190.472787,3980.015452,9531.282489,282.1216196,38.9010008
A_189,605.4177916,1374.371228,2076.916689,1387.661687,1791.088615,1165.676588,1193.679662,927.3469753,1416.06852,207.6959701,591.7382704,1040.275009,354.4768912,1123.974558,2302.513944,282.1085511,160.5059966
A_190,1623.544241,51494.78929,7237.486166,11176.5237,29749.18059,13656.8826,3772.24781,6890.834978,7622.701315,2493.352624,7680.804034,2782.894134,1979.092609,6583.739994,8983.158253,283.1182835,208.6959993
A_191,1295.032377,2614.744914,4191.610186,2023.927364,3411.682026,2225.300604,2549.440414,1788.443761,3029.883329,830.5013451,2227.254303,1902.582469,1026.364488,1197.562685,708.0338812,284.0223318,56.8034997
A_192,424.6912773,2295.714723,1117.700497,3594.299802,7107.805676,5478.227967,1431.191757,711.0558086,949.7546393,206.1457332,871.853856,354.4703989,1787.709004,2412.206109,4213.604776,285.1852446,306.807002
A_193,2337.313956,2454.889405,1631.459778,2967.4321,1817.245847,3447.016896,2328.45169,462.2797168,2300.706546,527.400485,617.9606864,1214.06252,439.395967,1374.061771,3379.873912,288.9243434,570.960985
A_194,1836.642669,3399.144252,2586.910676,3429.667985,8149.072803,4247.248493,3580.018295,720.487455,6835.419526,397.4616889,1166.057466,1121.718071,788.5189925,4379.36997,1955.340409,289.1105955,246.0419937
A_195,322.4199286,363.5383068,352.6985349,373.6586437,488.8291789,381.4450539,275.2262219,775.7566951,428.2311434,871.1998986,467.066757,527.2682299,638.1084697,404.8990953,414.9312484,289.8953723,573.2769989
A_196,1369.232884,2517.69333,1067.105831,1332.458979,2560.686146,2346.165262,8784.757123,589.3965032,3141.58162,232.6379168,990.4789581,836.9301361,369.2148521,1925.48295,1279.844148,290.1251596,310.114994
A_197,412.9892432,863.4922757,572.1179777,305.017246,659.4696301,550.1229544,436.4391136,319.340794,601.7666203,451.2421999,364.6223993,489.3947712,478.470845,411.1552638,344.0143156,290.9616211,34.98900035
A_198,1003.325006,3013.220297,3834.556776,3204.949529,4818.345496,2620.972105,1449.948001,1427.888035,4807.608082,275.4278792,1021.836846,1097.557444,536.7516483,803.1332207,2940.924889,291.128934,235.4114983
A_199,2113.176201,3482.695976,2108.242329,3423.706426,4174.085589,996.483199,3887.102956,1128.660963,2719.889665,209.6322268,1448.864898,1180.28666,2025.314202,2639.700744,3381.631867,291.122088,310.988
A_200,538.7685429,606.2023346,526.807644,622.137013,615.8790867,502.44707,413.5947167,1876.89744,552.533267,1822.786577,427.2886176,762.919312,563.9385749,604.5297326,551.3050217,293.8592057,579.9950038
A_201,789.2914402,2384.879366,607.3503443,1219.327893,631.0292239,494.018096,843.8639215,392.586309,1912.951446,127.5373353,548.0604182,275.0769731,586.0687493,347.7296269,1433.439913,296.1394915,322.9319875
A_202,1626.243602,1370.38648,1445.589208,1371.695156,1329.369446,1261.116885,1283.848867,274.5410002,1450.035674,280.1264663,469.4554504,1185.823352,223.3885268,1475.719201,1341.977708,296.2952517,556.0300179
A_203,1373.030139,2528.86978,2381.718584,6968.685206,6903.967931,2267.373928,1808.742943,1165.461169,3683.37757,216.7442783,1153.322577,1351.422284,528.9746309,2277.805681,7768.191748,297.1718412,298.4129887
A_204,808.3366563,1317.812771,2417.247278,1865.004986,3043.712194,2052.561555,4597.385678,2378.993914,2802.342578,464.0976832,1766.368693,1152.55864,1292.36879,1852.532675,2981.580454,298.1024206,105.1450009
A_205,460.9056512,1406.066989,2153.512888,2517.678505,5103.915502,1424.295579,1406.274872,584.8424499,2814.035894,164.0466681,980.2434649,477.9602919,451.1869699,993.8752549,2806.818942,298.1981749,297.989996
A_206,1521.341524,1504.98178,1563.485492,1006.544249,1792.15915,1036.724155,1051.802618,627.034475,1718.454529,726.3266737,543.9281378,507.0871126,561.1389548,1868.675173,1396.445688,298.3471747,418.8880129
A_207,384.7418104,343.9900139,362.8891446,238.640341,458.2709234,264.355863,257.912553,197.572013,416.3571827,187.7216152,151.5303384,134.8108605,53.26958949,470.267322,360.2596928,299.3495987,416.2820091
A_208,9368.716547,25808.72267,38886.88066,41564.6949,91327.82455,53505.38705,22058.60497,14839.23852,32660.53254,4575.771049,26987.10687,5652.599181,9881.439225,28579.46192,26185.48987,300.2174292,308.9679999
A_209,5785.608547,9222.838276,5681.229991,7188.841743,5184.216233,6984.266329,7691.210803,3173.040157,5339.312198,3148.315642,3406.146941,4201.165578,2639.059104,5158.60649,8512.685626,301.1411674,440.72601
A_210,2632.893067,6854.342718,10735.34933,8735.83652,20641.60411,12058.39989,4866.614512,4212.657903,8284.553716,985.9167237,5991.911184,2440.797196,2101.857971,5853.924684,6825.029781,301.2186152,308.9364999
A_211,1096.062781,2073.813884,1158.99618,1488.867012,1048.853834,1415.002534,1608.93488,671.7850809,1032.283928,769.8807939,652.330553,819.8329866,509.0408316,975.1491063,1840.945505,302.1414422,440.6179955
A_212,3375.678057,3245.165582,3352.03869,2918.941191,3436.09194,2605.683973,2448.959522,2251.962507,3372.998121,2243.892702,1300.471509,2522.645109,1918.567633,3446.665587,3194.602402,304.3004968,404.5039929
A_213,4136.321141,839.4806979,5528.0359,9188.368478,20352.12985,5115.008957,8814.416236,1169.706511,4904.146415,166.0559696,7281.990724,958.2652791,517.4803044,1413.322085,22336.10808,304.2112679,245.9944967
A_214,1256.220655,877.0493526,975.2000993,874.4468024,938.4184112,1119.501812,708.7519958,629.2185378,942.1705475,616.5188788,381.5874996,709.2626267,542.8823669,893.1745985,847.4448222,305.3022718,404.2830001
A_215,349.82152,322.4245075,515.2176323,206.8838564,861.3537878,311.4893298,1342.569258,500.1322415,384.1983993,5375.908253,136.8240202,3287.364137,240.1021542,1500.635493,1102.797343,306.1569602,169.674
A_216,1398.935604,419.1327474,1398.927931,822.0734221,1075.627129,409.0415277,731.1304814,646.8282327,662.1523628,343.7717171,361.3345783,592.2975101,630.8943336,875.0315661,904.5888011,312.8919018,25.09399994
A_217,10035.51479,8040.600356,48537.05048,63352.40919,139578.1645,30943.56665,36811.96803,12089.08875,35250.76777,2758.547047,37042.34521,8648.28213,248.1657933,13289.84151,82337.55649,314.2331058,329.4750099
A_218,1201.86189,586.6600309,2335.746868,1215.506427,4747.437834,2257.012239,2136.489025,908.3015036,1386.162718,214.7810538,1345.75282,1537.118409,285.8155849,908.6625559,4823.903374,317.2447963,338.0024969
A_219,743.3891095,841.5044202,390.3449669,732.4307804,693.4941474,510.2322084,3633.240883,193.5376291,1120.831405,207.6758967,597.7097437,405.0950151,336.3933548,339.0797477,712.1936504,318.1945293,327.961998
A_220,304.6662761,1052.989824,1615.257574,576.3575762,1048.279211,986.1862141,1389.502971,858.684122,1642.046985,5210.169077,322.5952245,3039.578703,3040.689573,2578.586571,2494.785888,320.1279416,167.971999
A_221,987.052064,2497.148962,4512.032353,1721.746619,4627.13649,3245.239597,3541.687843,2487.712455,2638.830975,665.9662419,2725.871685,1086.255294,844.5903036,1550.91545,4224.083764,326.1378244,119.5524987
A_222,552.4870098,599.1828154,323.253404,496.4866998,339.0253876,478.9825824,460.0975531,237.8911793,376.7811707,292.7698708,209.265013,309.9191932,37.82001161,400.2062663,563.2418672,326.3773397,438.2389953
A_223,5208.424717,10598.10895,11126.08187,9906.525815,25085.81376,13550.31428,8878.186605,7926.063328,8904.784295,1569.646166,7516.017971,4885.320703,2394.435387,11824.4861,11542.65259,327.0720317,129.553998
A_224,812.9981657,425.719007,1679.093553,5354.355808,5392.063912,2681.989272,1299.597611,4709.974619,1368.929823,353.0612591,1284.967258,534.0299763,789.9265483,1912.645123,8166.032909,327.1870086,317.0909992
A_225,801.4494275,1620.059573,1788.549983,1597.384543,994.8064195,2492.066163,662.5646414,1080.929015,3503.558155,351.6107132,1327.853973,852.8085634,428.888201,1772.185741,1832.083463,328.0687854,131.0990034
A_226,4220.922653,25804.57983,14100.94155,21316.37167,33960.5153,19330.11776,25190.27772,7010.262609,52625.60277,2810.973833,10191.23191,5187.718654,6450.60926,8501.461019,23492.62346,330.2278634,295.466987
A_227,3780.050802,4690.915729,7087.086548,8170.904367,11328.59068,3653.603307,6954.94655,1826.966745,7522.593737,556.6306602,5583.912529,2518.934303,1387.370507,3424.714239,11213.51361,332.2122824,304.9790019
A_228,3826.677969,4239.504305,3320.244327,3571.834822,3445.614585,3346.711038,3380.612261,1441.801613,3519.388967,1475.677529,2106.073199,3101.202813,1007.910349,3482.94938,4011.825151,332.3319489,429.4539969
A_229,919.5809551,2226.520995,11619.12544,2341.601817,6515.489109,5571.469641,1580.291732,3609.904952,1857.66947,26834.88644,1405.526676,4574.261313,1558.181739,2086.22076,5517.591114,333.1050368,171.1439996
A_230,1106.171843,1192.302214,1038.706975,1005.755148,1016.655763,918.9739435,1003.298886,416.2577832,1021.274573,477.620652,560.1573579,917.8960327,293.4357092,954.621175,1147.050115,333.3326534,428.9629933
A_231,1418.252413,525.5444458,711.4734281,1701.100451,414.3142949,1259.956395,879.067912,185.5633105,417.9537984,363.6744984,272.9461696,474.8862207,337.2187223,259.4759597,377.1004987,334.9548885,36.28200071
A_232,831.3577209,542.4914491,1760.908008,3448.350697,8470.117506,15668.98308,2769.197383,598.4672314,2153.422304,206.215182,2162.999767,798.4718159,148.2838445,704.8827775,7170.563153,340.2488352,345.0900071
A_233,521.0328808,1126.115887,1172.625273,919.4664394,1270.465625,1070.016725,1321.306978,590.2734678,443.3155323,350.3486024,690.4379164,370.6018129,281.9945452,248.1714113,1432.358294,341.0365122,40.45999957
A_234,199.8582157,495.3138862,2345.419599,309.7107305,1423.79351,1445.792412,511.6696549,419.0346422,1362.847643,188.4137163,392.6280434,489.0489585,198.1370055,1097.821906,222.695221,341.042891,110.1860035
A_235,1971.177926,3239.819706,5611.233887,1859.145991,7064.485743,2451.152731,4235.900612,2669.153682,5630.057504,1099.98302,3160.867032,2309.766359,1176.518439,2930.647407,3157.342572,344.0605504,51.28900172
A_236,175.3595332,3147.170717,1091.816753,493.5627083,3776.667197,3242.17098,1968.047609,730.6072828,738.0571022,823.0961584,357.0851078,432.5321647,294.7220427,351.8728745,513.5155968,352.1383145,162.0219959
A_237,1573.669559,5515.833261,9616.349008,20275.232,20290.69689,12328.07614,8925.315616,4865.782829,8832.798794,945.6321765,4346.90191,2474.970827,1272.00536,4563.370669,11972.37827,356.2407917,326.6449908
A_238,2358.43894,450.6062053,1124.741907,1517.724093,497.3927012,1377.519603,926.3658321,317.7601007,425.4375119,441.0093542,308.2818541,626.0372568,1080.581853,577.0947051,1200.383325,356.9525888,37.3164988
A_239,525.80285,2554.341183,650.607442,5530.999591,4509.308798,2960.248843,3994.996556,1844.679026,1695.710638,311.4031287,1851.918311,239.4336969,989.9773705,1411.404655,2480.331904,357.1034546,118.9420024
A_240,5563.952001,10225.64194,29539.68624,61924.67832,91425.8679,29311.72165,22958.48202,21957.72155,12578.16881,1520.994123,12425.78329,12796.95438,554.4686236,13631.55665,19083.30928,358.2604942,335.5695037
A_241,1545.199925,2976.044958,7666.884049,13391.82992,21884.68987,7538.938243,5582.549559,5161.169281,3053.628497,485.0598499,3226.549391,3162.593813,655.1550963,3428.445532,5274.700483,359.2623433,335.6319863
A_242,500.846638,754.1824589,1919.815699,3124.139932,5709.707122,1428.843695,2807.292875,1010.402174,1473.154486,195.071855,1859.453319,807.2199859,184.1573597,840.1566629,5171.169369,360.2663883,333.286499
A_243,627.7683992,607.4101691,575.1456226,553.0957187,533.0782218,527.5600604,527.2226596,304.2786469,550.8996195,354.8241201,353.964553,527.8833701,335.1549607,548.3679321,597.4881222,360.3635558,452.4384947
A_244,673.731828,1407.448032,1941.155834,1713.767137,2793.735108,1709.508237,1171.555059,347.0861657,593.2952972,291.5870997,463.0959143,614.3809747,661.0606678,973.280206,912.4247942,362.0985449,152.3169947
A_245,1418.888857,1722.50399,1306.198476,1274.276248,653.5419539,3394.342778,3496.362244,3154.015312,2429.080158,186.2110314,2883.536878,362.0373522,319.9360701,539.7047087,1821.599727,368.1385884,317.7929938
A_246,2356.46365,6729.121549,8103.832793,2364.628454,3433.906692,18116.30001,5255.438044,10071.56353,9960.521578,304.5211405,4684.497619,1409.507887,517.489988,3925.57155,10735.84287,371.1668134,285.6095036
A_247,1108.095219,469.4301826,812.1958394,966.6214201,591.7201428,831.5028444,605.0960687,281.7419772,828.5352569,209.4169421,256.5956249,391.5749875,621.3241235,492.0322898,493.141698,372.9081469,35.20299969
A_248,279.3049705,975.9669374,870.749379,1353.551633,2677.934107,928.5160639,602.927547,326.4550347,921.1124343,862.4783964,908.4281497,430.0536573,172.5950232,620.8535381,960.6638082,376.2435077,284.4829962
A_249,518.9104678,4574.950285,5485.049051,773.6417434,3284.690531,9205.591747,304.2638366,64.68600554,147.460236,254.894785,2307.940407,94.72327629,697.2229141,362.7387227,267.0150533,377.028695,108.642998
A_250,334.2256235,1380.249213,4052.132939,2617.81625,2526.380684,1417.044722,1699.580584,1011.978957,1123.41912,252.2796676,1069.857891,180.6411509,862.8202699,956.9917864,1196.990358,379.0880876,118.0890024
A_251,415.4405861,452.4319327,751.5758427,376.4278302,693.8328791,354.6201131,388.5955761,902.3429031,712.7769899,1013.782447,845.807763,740.8565594,973.6940083,756.0864875,394.6343569,379.9124132,565.6100284
A_252,799.6165394,1940.11614,2537.739252,1995.749827,2124.310006,905.9068332,2687.673495,1040.028757,1894.081751,225.6248836,1339.259129,948.3975569,551.3666318,1280.482917,809.7595478,380.212534,335.6330051
A_253,1220.652491,863.189279,539.9470986,1249.884441,1947.694715,1573.476115,3174.43192,1880.087889,753.8613123,820.6743695,578.0383546,1448.393586,767.0798453,621.7765805,884.808455,382.1091121,172.5050051
A_254,793.2677883,5482.830873,8148.562123,5529.87974,7293.936055,3748.456331,3741.829351,5743.661212,6140.452146,487.3641513,3264.499296,1640.705756,806.343158,1936.034177,4102.232901,383.1315698,231.6160042
A_255,245.6580738,252.7446911,894.7546904,2726.77916,3099.612446,383.544671,1211.235129,418.8414933,637.1215128,68.70814076,837.7793487,240.3066023,78.14764636,404.7211101,2096.788011,384.2778007,347.3374999
A_256,525.3801915,416.0605809,281.5841018,305.6352625,429.4823145,397.9292654,271.1152091,439.728746,285.1200451,166.4006272,372.5164259,337.3695747,379.4787596,719.0909892,392.3917874,384.8712775,24.27500019
A_257,367.0441586,505.0486315,446.8773229,198.325301,353.6197085,397.049924,432.5434972,255.2751149,315.1324573,209.7540034,366.7629128,386.2244344,287.3518848,507.5997939,465.6516536,386.9749828,31.0849997
A_258,1019.906071,468.0199627,874.8583886,310.2697767,613.2330342,126.359606,564.2072125,430.7055251,1364.944636,367.5554249,363.2913415,2261.932702,190.367031,352.3891274,1085.288479,390.0682271,216.2749987
A_259,876.1422661,4522.137194,3176.57623,1105.646611,9186.729648,7365.926438,2016.581385,356.3430411,789.1622716,1330.165608,5058.290026,414.1993512,1256.554973,8145.204328,1643.870771,391.1029792,210.1220058
A_260,376.0466991,366.5837248,341.9118662,502.4565404,455.3758379,404.9460295,386.263387,309.7416905,486.57159,310.3424287,431.6292603,328.9248314,230.6520335,441.2265819,331.9720607,391.2898948,530.1949988
A_261,174.2623309,1052.785114,578.8188209,380.1989718,1972.575129,1369.53385,420.619256,409.7169917,388.7068112,202.7739115,986.2647428,178.1290627,319.2086293,1730.041136,351.6953545,392.1235025,212.0369984
A_262,2501.063832,2263.080077,2927.026075,2268.411714,2625.910868,2200.387991,2457.98233,1239.992419,2606.821963,1258.948813,1363.286112,2686.339364,979.2741919,2518.541405,2201.593216,393.2984513,532.3400079
A_263,1192.307393,768.2805884,407.2659504,952.4756252,374.6070505,609.3785477,693.9902929,125.8000711,232.6131546,375.8356222,126.7033353,250.3843138,344.9744103,158.0348923,186.6047635,393.9784135,42.00949926
A_264,649.113645,338.9241492,299.9166681,409.8687443,379.0131077,364.8175911,292.1839674,289.4568484,229.2811402,328.1896969,212.8309115,265.1097793,434.7560183,314.2341856,527.648985,394.9433907,35.9489996
A_265,341.7310637,328.9250235,599.4417091,202.6569908,519.0703918,203.3581169,226.0539885,579.0404893,553.3432623,593.3379761,487.6577525,671.7407953,604.265264,468.921881,254.73545,395.3467945,548.8569795
A_266,16331.62773,6937.404392,10558.54327,4036.057172,10637.24881,5636.113627,6900.036094,3952.219717,5333.231303,7836.962783,3221.824161,13677.79787,7434.174923,8029.502991,7366.044427,397.0743001,167.6660024
A_267,1174.200589,2451.57188,5612.484416,4765.286414,6391.332652,2734.517188,2944.899241,1795.928122,4590.616104,334.0495435,1927.470264,1576.252279,970.7387515,2008.684227,5723.902034,399.1271733,243.3969999
A_268,760.9623242,1577.508969,2753.884124,3469.609893,4604.150026,1248.417306,2104.395695,902.5987599,2374.793407,142.6068121,873.8591325,435.4909637,308.651992,1406.530699,2751.818922,400.2582571,305.2139915
A_269,794.0308213,317.8742731,439.5703239,406.7872356,596.02653,324.2746473,334.5751401,382.5304438,326.6875519,192.0906388,241.1992006,456.3044479,458.8722949,562.0633362,572.8254113,400.8595566,24.39300063
A_270,749.6333966,3182.495754,3264.878392,2731.673884,3468.844446,1044.280332,1657.063493,2136.745661,2881.156045,122.7773781,1006.210705,682.362384,1519.683872,1459.815966,1660.398059,401.1435449,201.5700054
A_271,1753.712823,3863.998412,3105.424546,6697.893256,7366.847138,780.6578757,1581.713388,1445.36981,1527.372636,102.2549582,2479.751859,886.4148308,1330.543132,3224.766035,11904.50964,403.1565756,241.1689948
A_272,1123.646681,734.8574668,953.5950101,983.8847351,855.16159,583.5699703,849.7796422,376.9768394,461.4825142,291.9634224,482.7421288,437.0090811,761.7309687,289.7932261,443.7129199,405.0051888,39.70300035
A_273,6674.411067,1767.611788,1768.387649,883.9890409,4340.063259,1034.69373,881.6435187,1989.137127,1493.482241,470.9284746,603.0002325,381.8091362,201.0442903,1806.461569,737.7421304,405.1188116,220.986
A_274,365.6616588,333.9459603,344.9182665,296.7564878,300.892446,276.785637,284.0861474,162.8970087,316.1175821,165.6078174,134.3768038,237.6642181,21.17098629,310.9235333,319.2719327,405.2652286,434.2999884
A_275,2173.984231,971.1149265,942.8691284,1093.469206,1131.629001,854.131617,2161.879447,174.4251596,361.7461444,338.8239927,289.4982226,255.9964517,539.9782307,190.8911288,328.3631355,407.0291679,40.83200033
A_276,714.940622,2361.659019,3380.012442,2289.220589,11393.26181,8486.224457,2379.512333,678.861388,2010.41492,422.593466,1946.738731,713.2256976,591.3871654,3446.333096,2452.286452,407.1302512,251.054008
A_277,611.2287457,501.3192571,842.8160596,372.4480225,353.3553533,316.4467146,801.2431469,483.096846,358.4637747,220.0685457,285.3036179,233.5078968,283.1772469,450.1838875,622.2914698,408.0457371,42.19000088
A_278,731.3417289,524.7588241,466.1128943,539.910865,442.7315247,367.8060948,498.9665125,242.4942277,313.6258792,217.0344897,217.1233874,278.5897041,293.7485912,263.6582354,292.358985,408.9993581,40.37700104
A_279,1062.7987,12269.24533,6758.760104,5916.45018,6490.636329,2453.494975,2197.067835,2679.409127,6882.570185,911.7519791,2450.674331,2266.794008,1018.845475,2217.840181,8907.58936,409.1570976,287.0020006
A_280,507.6861966,1052.906497,1266.321986,1933.715483,1510.68474,2710.284897,833.247296,2175.903756,1742.985147,207.1431494,300.7124738,756.7787209,2062.680379,638.60566,2660.416728,409.1529738,342.9859893
A_281,349.1431047,299.5415227,266.9535321,194.4794289,258.7431845,315.253825,224.0739726,261.7476122,274.4953663,211.8279821,209.4200721,202.0263503,297.3263482,358.6930818,242.3228667,410.8812136,28.06100058
A_282,218.0602061,952.2115513,1471.31843,973.0278617,1282.886324,1268.680431,594.2620531,393.3527321,807.9148983,256.2784681,844.8289486,2181.65365,232.4883483,1100.208681,1231.396845,414.1211028,115.7239984
A_283,355.6679721,1981.05155,930.6141875,653.5394063,1109.210733,751.2318446,728.0534714,3127.33812,858.7747412,105.4095188,853.7858724,395.6078767,634.4523397,305.1655477,1826.800851,419.2039438,360.7969893
A_284,402.8444024,3517.557419,19184.75197,848.4901281,8773.088951,3359.765855,1938.058803,2109.715038,2909.079379,13719.35004,1419.493784,2348.611738,990.6779001,2282.845962,4457.959997,421.1599299,201.5060021
A_285,1855.805012,496.7330787,3640.126718,233.9231426,1917.938937,1567.386484,351.7137644,1118.863875,514.9423865,3187.029843,270.7220182,407.8441509,322.4138477,728.5302962,1919.308833,422.1620896,201.9485059
A_286,3789.320074,2279.740954,1763.563171,1803.282126,1907.83947,1444.542616,2284.470642,700.996553,617.6667561,720.3803091,538.4228975,418.1013167,831.7021063,565.318523,402.0553993,423.0120858,42.08050003
A_287,544.7910253,374.6161177,284.1778443,282.3219552,332.7361871,279.6319904,465.0048017,155.4435894,215.7073978,204.681919,88.57658078,154.4370494,170.7927615,154.1576096,158.8318424,424.0088767,42.22549989
A_288,466.6799501,537.5146946,316.5305967,668.2219286,378.1892341,703.5161566,482.5006553,83.84064249,481.6245552,76.62389805,130.2826417,336.7270798,96.94806818,324.8006561,665.1428348,424.8885305,570.856978
A_289,854.9077544,400.9783081,447.0832993,842.1990997,552.239393,341.1881412,361.3535438,400.779347,353.1732164,277.296397,209.6743425,415.20604,571.4504707,449.9423959,466.5695892,426.8868403,26.72450016
A_290,1102.058692,511.000122,601.588685,524.2561196,709.6934383,511.5761907,532.8934572,331.9479464,246.5157615,263.1929813,293.2076745,262.3673969,559.10001,346.9870706,264.12649,428.9871006,38.64200003
A_291,4553.200781,12195.16463,8374.658964,17767.76307,21412.5117,2016.832803,5046.709724,9664.310004,4077.80636,736.6318882,4849.637412,3452.468705,3423.230166,11439.88154,8328.498596,429.1746354,282.3614978
A_292,1090.949849,1134.767435,1000.157448,1084.357598,2196.656577,5444.044343,2291.651971,541.051722,1508.540705,309.4109287,371.3815475,214.7136176,154.3433369,430.7914293,2636.368337,433.2245791,252.588007
A_293,90972.12409,69629.86107,114656.2299,62124.94735,97908.5036,59680.56799,61328.41237,108271.9205,98450.00513,114721.0634,91207.86892,105085.5298,104129.6646,99016.77828,66188.63417,437.195549,559.7010051
A_294,25863.80557,19458.60952,30787.92822,17753.84867,27872.90918,16919.92043,16865.21892,31509.01678,27287.65344,32788.10285,25847.56752,30130.79751,25664.95157,27307.26558,18637.40527,438.1990187,559.8505048
A_295,972.3801563,909.4742753,885.4969486,767.9800517,848.6712007,776.2632688,782.5518235,241.0060881,886.1224109,269.7711675,360.406964,758.6377482,110.5234262,854.2083432,874.5129444,443.3345203,474.8334954
A_296,1277.264327,362.9380886,626.3397269,301.9029678,890.4109098,365.7509643,286.1074965,212.2207153,384.7189673,257.7026704,239.1482119,411.1063369,481.9417104,339.791547,404.3006058,444.9429932,31.97799941
A_297,87.01934317,124.8107384,769.5715095,90.34920697,256.3832664,741.4842618,879.3720074,1891.991949,318.944428,1027.652018,434.4615236,202.9206417,198.3071487,120.0594637,1675.983187,446.2471586,212.9619959
A_298,693.9920994,791.6214555,1413.725843,622.4597914,1239.635422,634.5659273,680.2628845,1777.559881,1164.269094,1996.045266,1779.873255,1401.948153,1920.879038,1357.143597,662.1561489,447.9023295,564.0179886
A_299,634.4739568,300.3334671,392.2468943,823.8600872,438.5459257,391.7095934,420.9913976,274.2777029,309.6202473,214.5871923,199.4541474,531.3275177,276.3409026,307.8605479,310.2098309,448.8310908,27.29049973
A_300,2237.718104,4131.627881,10010.8743,3966.493658,12574.76068,4426.379957,18788.50978,1751.344179,3917.052754,1379.661919,5503.816476,4538.613105,868.4527087,3687.716554,6386.045742,449.1578088,275.1220131
A_301,334.3239736,1290.707279,2262.443116,1202.214504,4003.847047,425.9904799,1123.383169,306.5204083,399.5867589,840.7953445,3741.005243,2513.666513,325.5800852,1007.238092,1936.691768,449.2926311,351.0119896
A_302,1335.397368,212.6917656,760.8925265,433.3511845,433.1906012,432.9342613,461.4776135,179.3126562,230.4857436,291.9136459,234.822761,220.4867877,985.1475917,180.5395665,177.8809071,451.0011984,41.28300094
A_303,277.0998136,2511.397464,13254.33877,1917.269825,6140.081677,1427.705037,8867.779809,8662.792116,4512.009827,17177.40471,5184.344272,6141.324247,3267.906085,2199.318577,10899.04592,451.2093523,212.8950015
A_304,2796.113644,5362.390044,6365.014586,11778.10675,10331.62492,4674.871299,11957.21494,3740.175461,5396.271879,1712.557911,7708.119403,2085.444985,5283.724545,4952.955811,8718.780216,455.2034003,300.6549952
A_305,3816.571522,12539.9672,6176.35808,12646.01435,14240.52845,2883.002859,2839.027973,5228.725099,5535.465032,461.9810744,3675.959316,3738.688637,3183.947595,10883.66973,6692.906994,457.2060357,308.3109924
A_306,887.8439065,693.1917619,1279.69591,589.6469087,978.2949893,600.4289098,609.3170854,1338.871059,1149.6206,1253.372866,822.6587933,1284.435847,1343.37911,1006.121582,677.0897099,459.3078886,533.4035054
A_307,2247.987625,6366.197949,1693.73892,4109.778217,3223.088039,743.9460638,2016.872607,571.8765623,2110.408574,1805.45213,1456.63828,907.2804526,5146.727636,2281.53153,2272.270502,459.2224863,327.1800039
A_308,487.5282193,201.3179837,308.6944635,186.9968971,732.9723022,211.7168086,220.7217607,99.79699215,276.6939339,190.4362574,171.5529853,320.3746026,262.7186756,185.1826141,269.9996803,460.8728817,26.18999945
A_309,2994.753786,7234.012734,19914.94902,7939.306988,32347.94087,8937.151639,6978.253015,4931.166828,9338.288754,4617.217541,8719.05499,8682.996152,2955.234574,9033.847465,9415.134178,463.159756,292.892009
A_310,1077.044539,1077.884247,1137.121464,1098.805454,1117.575762,1014.914629,1020.900649,599.8506338,1098.805317,685.0058192,724.9845092,980.9277671,643.7361405,1114.994764,1008.619903,463.3042772,527.4470172
A_311,231.5667654,1981.637178,9942.368985,1207.841892,2068.154171,1801.47878,596.2415908,1399.49129,957.6630873,9169.02446,526.6318189,1623.632008,1059.091645,721.0381731,3538.788503,465.190524,215.2369994
A_312,726.3698704,2805.678386,3594.305872,1430.200869,2979.008443,441.3274766,10352.5194,6234.722286,2836.133498,674.3779807,3561.978121,1297.955447,1190.655277,1127.174111,4207.857571,466.2358757,313.9749881
A_313,575.8705436,220.9631249,520.9902988,239.1393521,454.071119,278.0523599,262.2908729,171.7958011,234.5157211,164.068442,157.0204502,255.6393515,497.9430343,250.2973322,171.7028027,466.9728931,39.50000019
A_314,1131.903696,1906.111861,5244.435622,3670.895142,4534.728894,1812.706203,1757.524812,1336.047658,5019.373625,475.4783502,2102.040823,1598.280654,2016.941419,1965.814914,5357.178017,468.1592707,340.6880007
A_315,467.7417864,997.5988289,923.64555,1833.477606,504.9937707,1098.345843,862.8194272,503.4172359,2452.178235,319.5719614,910.77891,701.3276902,819.6148085,975.4581943,2577.527341,469.184444,342.5840125
A_316,554.6501183,1228.396569,3001.970244,1360.734544,4952.626241,173.5210781,1228.163675,470.9698528,412.3394576,1415.611384,5820.68627,4142.371575,590.889243,1718.914396,1775.599959,470.2834367,350.7579902
A_317,320.7131999,551.0448515,1056.251086,468.8443995,1840.782354,267.6073509,629.7051354,303.2721171,662.9484503,509.3254965,1925.530101,1370.35344,251.2075771,1231.181982,981.8825221,471.2847777,351.5200018
A_318,587.6251788,934.1993537,1860.685873,176.5092356,2468.825739,203.4575948,1272.609266,91.23215753,104.460777,796.9826511,560.5967796,1486.360055,521.900687,2097.976821,674.3285304,472.3056117,348.2670019
A_319,1767.759236,2754.075977,1850.165361,6145.818955,3828.510998,1579.592119,2377.265214,2530.649046,2080.704284,617.638861,835.2513543,1801.039729,1095.542014,1833.056961,1597.143296,473.2116633,290.5029982
A_320,373.7140918,406.9115449,546.2095523,1463.613646,812.1742692,381.7074918,1788.168342,802.0851259,593.3724295,1278.549664,501.6221972,383.4276013,320.7490124,179.4846511,616.4805843,474.2053728,292.1100061
A_321,812.6884608,181.9686206,239.6022406,584.9128279,184.0206037,418.6613415,260.7810083,149.1394167,170.3798955,187.3366077,197.9218944,301.2484884,251.5717449,202.9057508,250.8949111,476.8732747,32.61050012
A_322,10431.08484,15086.59764,6960.726218,1315.247312,8731.910614,22958.00255,4927.330817,1387.807721,1704.496616,2904.455997,3065.904289,970.537643,2783.12696,1855.20546,5585.267333,477.1940113,306.4479904
A_323,5604.358193,5761.911828,5557.551828,6716.514547,5079.550052,6129.657365,5973.714137,3289.632025,5066.809461,3457.546435,3544.844099,5302.646912,2909.376714,5081.332315,5446.37046,479.3147654,504.7269876
A_324,1752.838506,1821.860268,1758.398101,2136.053952,1589.591583,1979.83594,1841.479964,974.0039648,1586.476195,606.9060924,1202.248748,1685.33506,875.3589066,1645.539672,1662.108726,480.3183974,504.3404945
A_325,3403.299423,3492.559456,11751.54419,6376.949565,12381.69446,2886.962872,3730.149651,6807.274727,3784.377713,762.7153351,4371.261136,3477.401989,1531.659625,3444.927272,4325.867477,483.1487847,268.2540109
A_326,360.6149512,330.0863442,503.3692855,360.44325,460.9762996,304.1307293,359.5798575,950.1944857,424.2282556,3329.281851,1272.04927,257.9571005,4549.01877,380.2135547,304.0357537,483.2833981,536.0849852
A_327,841.2791141,3132.493988,1503.4881,3937.272477,2099.876643,358.6219132,701.3342303,752.1131487,2700.97507,163.6047516,557.1276526,357.0647408,172.1531159,1646.991367,1939.080442,485.2356228,335.4665028
A_328,158.7494608,197.0738459,163.32438,191.3480303,148.0904302,200.5184924,161.9958041,338.7032727,221.7227211,408.6149394,224.4151478,310.5574581,356.7785463,174.9212435,174.7302121,490.8256099,572.8530027
A_329,304.9605903,335.1423631,217.7295577,437.8074941,264.6830272,422.9139642,350.4460624,107.2246417,291.6701408,116.7919863,106.2084006,204.103229,96.12126411,193.4311813,338.4061812,492.8632677,571.0305082
A_330,646.0692456,125.7060066,219.8102911,419.3478943,226.2805743,386.4861908,258.3161773,153.4382571,272.8719629,165.4281994,124.6096198,155.8740791,232.1991934,234.5896425,188.9486922,492.8573376,30.50900015
A_331,415.1215545,445.3663698,374.3120928,452.6125986,391.1983374,432.4834195,420.3712859,130.155199,338.5373202,118.6074335,148.9958093,310.7653146,34.19202376,394.6673517,425.8307115,493.3136021,433.9099889
A_332,103.1387676,422.5509082,1186.777314,347.2881678,514.0657094,222.8085576,586.94583,19583.66568,974.6168236,924.5980119,131.3597279,576.4033459,234.8889044,214.9215181,1479.274628,497.2377471,222.6555028
A_333,1972.488754,1605.546019,1662.365796,2729.158989,1472.956563,2323.855972,1832.192641,1136.487202,1415.369502,1261.187614,1274.320495,1820.223692,317.4057955,1997.745711,1607.491442,502.3855876,530.2805141
A_334,308.7674324,287.0990112,293.7855784,482.7364629,164.7134732,255.1386639,334.4497455,121.3271187,326.1306381,179.3149864,176.9316177,231.9342077,213.9295934,168.2001933,263.5918754,502.9836028,38.81200023
A_335,2987.256769,2052.70674,2865.10581,2233.461539,2500.931831,2162.454647,2121.244895,1096.501617,2611.380398,1083.064037,1419.42287,2727.419741,1045.837899,2308.212193,1957.088931,504.3634885,534.1540168
A_336,226.2652554,135.1566277,198.9792035,121.793933,173.0082719,135.3110349,213.951906,192.3566332,416.7608664,144.309262,153.9363999,123.5492035,177.6551076,231.8968604,124.1697128,504.6476883,26.9480003
A_337,1150.328635,827.982874,1058.969524,817.4640122,953.1405719,858.2646272,804.2752804,523.5366191,991.5502693,428.0549704,503.8098408,1002.305362,512.1411284,854.1597773,725.0987939,505.3624015,533.7510228
A_338,184.7923108,1520.963629,7784.766924,1272.85067,726.8818698,578.0607982,326.9666844,3234.390209,2823.938333,6941.386729,371.7754777,562.1026493,934.5951834,465.7988595,1537.806648,509.2089096,226.7475039
A_339,3065.787731,3129.963303,1910.76607,2581.546679,2279.795156,2211.412497,5225.977848,1254.930117,1194.785765,450.8775172,682.405522,607.7340481,1132.296097,2514.798062,3611.35255,513.2693661,349.902014
A_340,912.6472956,794.8504487,391.2413656,617.5306339,484.8103528,573.8205947,1551.498761,739.5169189,273.0110124,1898.685749,200.0644726,228.6028983,321.2200285,590.2944926,392.6412558,514.2734202,332.5094931
A_341,343.783198,389.8154078,724.1524092,363.6824115,698.3365586,369.4771735,391.0582428,784.305226,596.5155106,935.0418508,998.9218859,718.230726,919.2857671,706.7256049,325.5579775,515.8920035,563.6140234
A_342,1097.828922,680.2956252,1101.444057,781.8793199,931.9322718,766.3024986,696.2900058,1383.007882,934.5313796,1490.39837,1194.358912,1194.466155,1244.237355,769.0330845,587.7316349,520.437989,532.9350162
A_343,1259.128946,740.5928265,467.1924534,1074.519397,437.0851209,627.9331123,662.1638409,82.90871607,381.4419505,277.2322757,162.9768707,205.953086,208.7463941,92.73959213,204.1994864,520.9846771,42.04299932
A_344,431.0165691,303.9042148,476.5258342,325.5969511,342.7427612,279.3386026,282.0369097,533.372023,419.6764748,561.219593,464.7473171,409.4567812,487.3383555,385.662531,283.4681203,521.4360462,531.7270128
A_345,75.42521758,364.9045545,796.3709578,208.8230855,320.1231002,221.2800183,405.8726324,251.8151625,7606.475852,822.5509241,138.4281661,435.2923689,183.4994003,236.8777717,1489.97313,527.2887547,231.9339965
A_346,653.5339373,349.3466697,430.6583177,372.4157499,384.261906,340.7716683,343.4414914,833.7743421,403.244417,869.6583888,540.3076402,482.2342867,982.4208846,383.3454937,307.8690154,527.3907268,532.8269864
A_347,1430.469476,5472.170941,2194.408901,3009.519106,5601.68897,1284.125775,2123.535729,2213.01998,3178.010788,925.8047159,710.4540778,1074.109752,369.4170325,2484.489325,2115.366555,529.2655215,318.146512
A_348,283.4277082,1150.615025,387.9244166,610.65609,1434.95655,645.0699486,549.1467616,389.8656308,917.0615982,81.73308102,186.3658548,215.2857545,79.56275128,580.4460895,553.8235535,530.2807121,319.2020058
A_349,1378.241508,3219.11912,1709.948338,892.3609608,985.9573928,953.9063949,3776.060459,317.8016928,244.3988092,150.6949206,109.5964434,679.9182478,417.4444905,736.7967922,3175.310672,531.2373405,366.0609978
A_350,260.9629816,188.2332287,288.456044,178.9702289,248.0020573,244.0174953,260.4884925,607.0508084,226.5891626,685.0862366,356.6091999,253.8891838,642.4964646,406.6132679,224.4697323,532.3963681,536.827018
A_351,1870.099444,4490.439165,8930.407137,1622.655585,6543.463083,7776.278734,2634.138972,2370.754852,1681.026529,803.7541727,1940.645435,3364.572727,1737.470355,1530.165934,4560.704337,535.2629972,335.6159908
A_352,497.6975881,1208.235204,2553.453857,402.0988313,1759.910525,1917.180714,649.1081045,503.6902957,392.815768,1023.404087,1083.994249,1023.102796,353.2373293,438.1077475,1282.287114,536.2726403,335.6294998
A_353,902.3214454,495.8626306,389.6527035,572.7210492,270.0146975,366.5875055,435.1041825,191.7528371,347.1046202,289.3136513,158.3645009,174.2160491,231.0357022,173.3014757,217.633585,542.9610597,40.21899942
A_354,253.0666507,191.8563321,397.8070209,160.8132268,326.7469891,146.4380715,196.6430667,339.2540218,322.7593948,346.8294532,369.4814319,385.2006741,360.7921174,280.0989265,179.731982,546.3884622,533.1240125
A_355,2288.126898,1184.254523,1145.162902,1666.723647,1136.311636,1574.831065,1381.385305,519.9568709,1148.935182,559.6095346,787.9787346,1231.760633,577.0530977,1061.961617,1088.578166,548.4694877,533.8120027
A_356,507.7471236,211.629803,289.6353345,410.0961539,2294.105048,275.6060612,252.3343386,178.5719213,138.0499228,148.6674071,102.2502848,161.5401544,225.6333633,127.08,146.4198734,548.9821698,41.44000026
A_357,923.8449453,474.7063811,488.5810378,731.6652626,470.397589,646.123343,543.0258239,229.0759052,424.346657,238.7492627,310.5461509,517.551663,224.3449378,441.4544968,432.3545589,549.4707188,533.6864935
A_358,109.4032702,1161.308733,3354.868914,1242.527175,400.4003257,281.5666897,161.9368223,313.4923112,706.5116667,3547.136914,251.7039731,331.8404877,581.7608934,287.7050333,1301.365113,553.2311127,237.5260064
A_359,6727.507549,2217.934199,468.2846281,223.5678653,357.5437471,10069.82252,5897.422251,1612.367631,559.0100586,406.8245596,192.5353564,192.7969683,428.2311875,300.7013166,1636.568466,553.2937813,344.7319989
A_360,2324.943381,660.9342372,141.115503,61.09434219,110.9769152,3666.027341,1975.97566,543.9907705,132.7010887,157.9776256,98.18444688,87.87603172,110.4820259,114.0659126,468.2572209,554.2975058,345.2229989
A_361,4832.475314,4018.875381,646.7113359,303.0318336,717.6931122,15165.55343,11030.69688,2480.332531,445.1635299,636.6323728,216.4564632,364.3414835,171.5942297,333.6526378,1187.248142,555.3088447,354.6820039
A_362,1652.014467,1335.151392,257.4409942,95.9648695,515.4178661,5386.903774,3743.153708,860.1321967,196.2950139,261.1557915,355.5747056,191.0441008,146.4635708,260.1551321,840.3650877,556.3108516,354.2205088
A_363,1002.868341,1575.308075,792.4942829,229.9526461,686.1209547,3393.154665,2626.339747,763.2492144,219.6804286,253.8408766,285.1255773,411.3907597,225.0000819,242.9136168,687.9227604,557.3135269,352.6425044
A_364,417.0112752,529.0155546,318.8024599,219.7563745,607.1258515,1336.874679,975.4031954,421.8352688,103.7047457,206.9939885,313.0875787,584.1464306,115.7734025,665.6590907,257.9838314,558.2687929,362.8065036
A_365,409.0748796,206.204392,184.2326276,209.3245966,332.7352363,166.2238815,164.3087897,195.4492172,175.7119084,155.0977818,81.38000614,157.9134722,176.2155008,164.3216602,240.7731787,558.8598963,25.98400064
A_366,1214.335881,594.1317006,589.6701051,269.0968089,1276.05061,661.0578469,1094.751597,393.4894979,515.4689205,955.8995428,508.3127207,1270.590573,945.1073829,856.228845,602.3134521,560.1520589,170.2679987
A_367,96.1366904,347.893042,443.0593525,201.934237,259.1307788,132.5008133,230.2692264,1543.033166,490.5870185,237.3316209,359.4874733,1914.778267,110.0898359,153.3328728,815.8726081,560.3008653,308.4359863
A_368,10124.2016,5015.742405,8572.219451,1875.208206,14846.49658,5155.441492,8253.665939,2275.616744,3034.273988,5958.408143,5160.887468,8172.624393,5930.966246,7030.649525,5331.276303,576.1327146,166.9080034
A_369,3446.413168,1657.597621,2863.616991,666.7362792,4908.056187,1653.402144,2772.553189,789.3729356,1071.547622,2066.214723,1823.142098,2837.041829,1890.847941,2390.102933,1684.291791,577.1342051,167.3129969
A_370,1198.961776,396.4036081,591.6600388,401.9914993,708.7977622,624.1149438,666.2530894,1153.855787,627.2676126,738.2019721,425.4213024,1338.3084,1293.812262,1394.541596,788.2602527,582.1459255,176.3099952
A_371,368.2929311,433.8781938,842.4672456,342.3970375,686.0943847,304.1266143,376.8641571,814.7046092,658.6568445,958.4816071,1130.027977,727.2557707,958.6226643,729.4345027,353.8991887,583.8794422,563.4264912
A_372,273.2422871,71.15520502,282.7063029,73.11392601,347.8824486,166.0985617,113.2578958,302.6032855,327.4746027,42.86500802,635.4339361,421.8870072,174.7606298,716.6424153,970.3719998,608.1390358,208.8830053
A_373,304.3253436,228.4923935,489.2025019,248.8501011,427.638673,245.7561895,96.04355352,605.4406616,433.5874891,622.7835423,406.8311439,449.1433924,760.7533108,395.9353661,72.28801848,610.1925478,542.9359814
A_374,177.3290344,208.4458701,247.4007597,189.7898862,211.182007,105.1089997,183.3627155,426.373378,255.5912578,436.1896417,238.4012007,245.1055048,451.5387974,245.5784177,158.2850566,614.6092353,508.8469873
A_375,939.1803538,675.7232293,538.1587337,617.6805794,694.073893,504.2957883,775.4055644,159.8930952,271.3268007,148.093695,140.1558952,174.4651673,209.6750771,168.4009309,207.9837971,615.0156003,41.51599844
A_376,133.6307226,185.9521973,207.0674501,107.326855,183.5122817,110.4294576,109.6923739,523.0677102,187.4833147,605.0203602,414.7378689,533.9812862,264.1210124,158.1550044,221.3188832,615.5797721,530.9484933
A_377,175.8526719,535.777644,145.9890694,1634.657853,1157.175519,748.7733567,318.6212518,157.8236828,108.5421962,102.1454302,773.9956115,126.1912701,224.4414232,461.3997137,286.9592551,616.2199825,164.1889998
A_378,193.4752262,192.8709781,137.5787344,248.5574369,153.1957061,273.2258645,194.8680843,64.44946303,175.4039627,47.52526719,65.28767015,139.0719976,55.40072706,78.95876441,212.7833047,628.8561631,570.0780038
A_379,162.301867,84.42044208,136.5436488,169.1427734,144.9231967,143.342635,144.6477203,249.2251741,244.7146305,121.9346199,104.0449707,126.232283,171.1326835,173.9578044,249.9043909,632.6465957,26.18600044
A_380,348.4781159,313.0784772,697.6682899,153.0605653,258.5031557,194.4002894,232.2011071,331.1508377,74.38611908,195.5422172,143.780962,404.5473032,381.9857575,519.5943801,184.3602001,635.1571521,208.2530024
A_381,439.8559565,220.7273656,286.823121,217.219886,243.5583608,202.0014379,226.0795915,165.6443013,252.0281263,155.759121,102.6783032,139.7922135,178.797877,159.9106767,159.2834979,636.9963204,41.51249957
A_382,426.5342751,427.713198,927.5873694,341.2576406,753.6773996,326.2329389,362.5554196,905.8354854,749.7111777,1089.653825,1030.513525,732.7521792,997.635596,795.9522067,371.4721727,651.8667107,563.1029776
A_383,135.9698071,366.7536287,491.4047864,532.7272064,362.3217704,643.5279058,542.8536848,250.3879977,290.4711908,67.58178257,106.2125426,178.4924628,98.70224733,270.8861473,627.9022188,655.2830697,341.7220097
A_384,166.149741,171.1540727,216.7144777,127.0580437,171.4267118,132.051696,118.7973843,366.5457007,189.2571744,427.5442941,227.5742733,250.2231889,346.0861405,162.0426684,145.1892407,660.641254,514.1324892
A_385,318.2988113,2385.841076,2651.044722,1393.357907,2463.45375,2407.076726,1481.639911,3647.221486,2353.823923,3258.969168,2124.97258,3368.036987,3739.306519,3002.474379,2593.173671,663.4557375,548.0615045
A_386,202.5788292,1162.103573,1293.628285,657.92241,1205.306409,1119.605021,827.0474175,1989.757851,1116.071384,1721.618833,1125.298423,1695.100451,1953.734516,1436.224897,1233.385753,664.4581092,547.4049789
A_387,265.3320874,393.7053749,608.7753212,284.828347,559.767141,396.1946721,306.6881773,721.0358952,570.9203389,651.7160715,484.9407259,661.1167633,718.2163646,546.8231811,407.8050824,665.4600371,545.5359915
A_388,239.4439139,193.9953241,306.1875755,152.8974171,260.5466771,112.6283026,158.140987,425.6043577,246.1478327,440.2211298,260.4392609,279.3865231,369.5517905,245.6719398,190.1094175,682.6274709,514.493004
A_389,235.1114753,165.2901284,1100.346857,163.7906047,981.7053829,125.3754749,121.8639177,1290.090365,918.9169505,1345.024862,951.7509691,850.288864,1234.258066,990.188375,134.8319104,704.4608277,565.0205051
A_390,247.8024044,194.2611057,535.3675559,187.4835015,403.1964833,179.1994217,181.9080369,665.468111,458.8619806,669.3260016,464.5905618,494.7696865,596.956347,376.914925,180.3825521,705.479118,562.7730007
A_391,406.1755872,365.2077379,778.4444977,300.476956,694.2774193,306.8836001,364.3380014,800.7707011,609.7690388,987.910341,893.420455,872.6561586,977.4028729,735.9087842,326.0896446,719.8544924,562.8179913
A_392,179.4036474,173.8974193,424.2451899,183.0077613,368.9986454,236.9896139,226.1782186,728.9595955,414.2571337,463.7051287,296.0860163,480.1831603,816.4149874,390.1931348,169.2144881,721.4750017,555.2170116
A_393,79.24666147,80.45138441,296.3376318,182.6700047,285.2949522,250.0947229,127.3918343,401.4003934,309.2501008,348.2038954,306.8973429,323.5260986,480.234398,304.6939042,93.25270333,722.5046955,549.4789827
A_394,188.6585843,131.857345,546.3167879,286.5361281,493.2268619,313.157755,207.1608564,2320.408459,454.5239173,2117.127937,918.7764512,741.1211425,3285.37228,526.3632238,137.4855355,731.5036311,548.0479843
A_395,86.34895372,97.9190884,276.5059241,115.1442897,199.8917722,133.2751867,88.5369248,1210.794044,229.9511962,1035.626631,460.4947713,360.3349825,1673.940815,258.0011383,91.86522427,732.5079825,548.3339975
A_396,740.6805113,611.4596175,1411.228043,979.7015358,1207.327386,1080.981851,910.1882847,1274.242315,1138.813485,1274.568915,1199.041469,1819.541682,1423.804956,1272.734472,620.7708293,750.5401365,550.4375184
A_397,122.677918,188.9685451,509.1107883,211.293526,454.2810394,282.1146731,199.359137,427.3446841,446.2334531,337.6035989,371.1441807,600.5470679,314.529541,499.9385511,237.8649876,777.5350761,547.8045004
A_398,321.522369,376.8169765,740.1255667,259.0317622,583.9122327,252.1664991,258.5409569,733.1904699,598.5632255,858.9944477,723.7568535,703.1858016,852.3432954,644.0309348,256.090542,787.8425476,563.2340083
